Workbook

Sheet Pointtavle
A1: FLIP 7 – Pointtavle
A2: Mål (point): | B2: 200 | D2: Skriv spillernes navne i række 4 og rundens point i de blå felter. Brug fanen Rundeberegner, hvis du vil have hjælp til at regne en runde ud.
A4: Runde | B4: Spiller 1 | C4: Spiller 2 | D4: Spiller 3 | E4: Spiller 4 | F4: Spiller 5 | G4: Spiller 6
A5: 1
A6: 2
A7: 3
A8: 4
A9: 5
A10: 6
A11: 7
A12: 8
A13: 9
A14: 10
A15: 11
A16: 12
... A29: 25
A30: I alt | B30: =IF(B$4="","",SUM(B5:B29)) | C30: =IF(C$4="","",SUM(C5:C29)) | D30: =IF(D$4="","",SUM(D5:D29)) | E30: =IF(E$4="","",SUM(E5:E29)) | F30: =IF(F$4="","",SUM(F5:F29)) | G30: =IF(G$4="","",SUM(G5:G29))
A31: Mangler til mål | B31: =IF(B$4="","",MAX(0,$B$2-B30)) | C31: =IF(C$4="","",MAX(0,$B$2-C30)) | D31: =IF(D$4="","",MAX(0,$B$2-D30)) | E31: =IF(E$4="","",MAX(0,$B$2-E30)) | F31: =IF(F$4="","",MAX(0,$B$2-F30)) | G31: =IF(G$4="","",MAX(0,$B$2-G30))
A32: Placering | B32: =IF(B$4="","",RANK(B30,$B$30:$G$30)) | C32: =IF(C$4="","",RANK(C30,$B$30:$G$30)) | D32: =IF(D$4="","",RANK(D30,$B$30:$G$30)) | E32: =IF(E$4="","",RANK(E30,$B$30:$G$30)) | F32: =IF(F$4="","",RANK(F30,$B$30:$G$30)) | G32: =IF(G$4="","",RANK(G30,$B$30:$G$30))
A33: Status | B33: =IF(B$4="","",IF(AND(B30>=$B$2,B30=MAX($B$30:$G$30)),"VINDER 🏆",IF(B30>=$B$2,"Over mål",""))) | C33: =IF(C$4="","",IF(AND(C30>=$B$2,C30=MAX($B$30:$G$30)),"VINDER 🏆",IF(C30>=$B$2,"Over mål",""))) | D33: =IF(D$4="","",IF(AND(D30>=$B$2,D30=MAX($B$30:$G$30)),"VINDER 🏆",IF(D30>=$B$2,"Over mål",""))) | E33: =IF(E$4="","",IF(AND(E30>=$B$2,E30=MAX($B$30:$G$30)),"VINDER 🏆",IF(E30>=$B$2,"Over mål",""))) | F33: =IF(F$4="","",IF(AND(F30>=$B$2,F30=MAX($B$30:$G$30)),"VINDER 🏆",IF(F30>=$B$2,"Over mål",""))) | G33: =IF(G$4="","",IF(AND(G30>=$B$2,G30=MAX($B$30:$G$30)),"VINDER 🏆",IF(G30>=$B$2,"Over mål","")))
A35: Fører lige nu: | B35: =IFERROR(INDEX($B$4:$G$4,MATCH(MAX($B$30:$G$30),$B$30:$G$30,0)),"")
A36: Runder spillet: | B36: =SUMPRODUCT(--(((B5:B29<>"")+(C5:C29<>"")+(D5:D29<>"")+(E5:E29<>"")+(F5:F29<>"")+(G5:G29<>""))>0))

Sheet Rundeberegner
A1: Rundeberegner – regn én spillers runde ud
A2: Udfyld de blå felter for hver spiller. Skriv resultatet i Pointtavlen bagefter.
A4: Spiller | B4: =IF(Pointtavle!B4="","",Pointtavle!B4) | C4: =IF(Pointtavle!C4="","",Pointtavle!C4) | D4: =IF(Pointtavle!D4="","",Pointtavle!D4) | E4: =IF(Pointtavle!E4="","",Pointtavle!E4) | F4: =IF(Pointtavle!F4="","",Pointtavle!F4) | G4: =IF(Pointtavle!G4="","",Pointtavle!G4)
A5: Bust? (ja/nej) | B5: nej | C5: nej | D5: nej | E5: nej | F5: nej | G5: nej
A6: Sum af talkort
A7: ×2-kort? (ja/nej) | B7: nej | C7: nej | D7: nej | E7: nej | F7: nej | G7: nej
A8: Sum af plus-kort (+2 … +10)
A9: Flip 7 – 7 forskellige talkort? (ja/nej) | B9: nej | C9: nej | D9: nej | E9: nej | F9: nej | G9: nej
A10: Point denne runde | B10: =IF(B5="ja",0,N(B6)*IF(B7="ja",2,1)+N(B8)+IF(B9="ja",15,0)) | C10: =IF(C5="ja",0,N(C6)*IF(C7="ja",2,1)+N(C8)+IF(C9="ja",15,0)) | D10: =IF(D5="ja",0,N(D6)*IF(D7="ja",2,1)+N(D8)+IF(D9="ja",15,0)) | E10: =IF(E5="ja",0,N(E6)*IF(E7="ja",2,1)+N(E8)+IF(E9="ja",15,0)) | F10: =IF(F5="ja",0,N(F6)*IF(F7="ja",2,1)+N(F8)+IF(F9="ja",15,0)) | G10: =IF(G5="ja",0,N(G6)*IF(G7="ja",2,1)+N(G8)+IF(G9="ja",15,0))
A12: Sådan regnes det: bust giver 0. Ellers lægges talkortene sammen, ×2 fordobler talkortene (ikke plus-kortene), derefter lægges plus-kortene til, og Flip 7 giver +15.

Sheet Regler
A1: FLIP 7 – kort pointguide
A3: Mål: Den første, der når 200 point (kan ændres på Pointtavlen), vinder. Når nogen når målet, spilles runden færdig, og den med flest point vinder.
A4: Talkort (0–12): Du får kortets værdi. Trækker du et tal, du allerede har, er du bust og får 0 point i runden.
A5: ×2: Fordobler summen af dine talkort. Plus-kort fordobles ikke.
A6: Plus-kort (+2, +4, +6, +8, +10): Lægges til efter ×2.
A7: Flip 7: Har du 7 forskellige talkort, slutter runden, og du får +15 bonus.
A8: Second Chance: Redder dig fra én bust. Tæller ikke som point.
A9: Freeze / Flip Three: Actionkort uden point. De påvirker kun, hvornår man stopper eller skal trække.
A11: Tip: Stop i tide og bank dine point, når summen er god.
A13: Uofficiel fan-lavet pointtæller. Ikke tilknyttet eller godkendt af The Op / USAOPOLY.
